MusteriKodu,MusteriTabelaAdi,MusteriCesidi,lat,lng,MapProfileScore,MapPopulationScore,MapinSegment
433249,KADIKÖY OTELCİLİK,Business,40.99544397,29.02480308,,,H2
456855,MARRİOT OTEL,"Banket, Event, Etkinlik Oteli",40.980917,29.101372,,,H1
700932,Sumahan on the Water,"Diğer (Apart, Pansiyon)",41.0540863,29.051875,,,H1
1000029700,AŞK GEMİSİ ,Tekne-Event Hall-Catering,41.0191026,28.957953,"67,1815","54,2895",D4-C
720622,KİRPİ ERENKÖY,Modern Pub & Bistro,40.9650512,29.0720682,"77,7405","62,0554",D3-B
956804,Gri Meyhane ,Geleneksel Meyhane,40.98879597,29.02450808,"63,7168","64,6221",R3-C
875714,LONDON PUB,Modern Pub & Bistro,40.9891074,29.0281043,"63,7161","63,8223",D3-C
1000012934,KENSİNGTON,Yeni Nesil Meyhane,40.99450499,29.11039467,,,R0-B
831410,KEYİFHANE CAFE,Askeri Birlik-Sosyal Tesis,40.9434061,29.1080038,,,R0-B
633358,TRAFFİC,Modern Pub & Bistro,41.0011297,29.0553424,,,D0-B
814129,BAŞBAKANLIK F 02,Askeri Birlik-Sosyal Tesis,40.981571,29.036517,,,R0-B
719810,THE DATE GASTRO PUB,Pub & Bistro & Kokteyl Bar,40.9651406,29.0884315,"80,999","71,25",D2-B
721144,PASAJ,Yeni Nesil Meyhane,40.99659257,29.1002294,0,0,R3-B
721196,ARDA OCAKBASI,Kebap,41.008118,29.1796065,0,0,R3-B
702614,HAPPY MOONS WATERGARDEN ,Modern Pub & Bistro,40.9980243,29.0997775,"80,1891","93,8504",D2-B
702744,İbiş otel ataşehir ,"Diğer (Apart, Pansiyon)",41.0704436,29.0003552,,,H2
702849,STEFANO,Modern Pub & Bistro,40.9638663,29.0711166,,,D3-A
709693,BALIKLA,Geleneksel Meyhane,40.9614002,29.0841554,,,R4-B
710632,BEHIND CADDE,Geleneksel Meyhane,40.9638252,29.0711659,,,R3-B
710647,MODA DOUBLETREE BY HİLTON ,"Banket, Event, Etkinlik Oteli",40.988424,29.0210756,,,H1
710698,SLINCE OTEL ATAŞEHİR,"Banket, Event, Etkinlik Oteli",40.9823297,29.1335014,,,H1
712525,A11 HOTEL BOSPHORUS,Butik Otel,41.028839,29.017242,,,H1
712526,CİTYLOFT 161,Lüks Butik Otel,40.9756954,29.1484178,,,H2
713991,MERCURE OTEL,"Banket, Event, Etkinlik Oteli",41.02840836,29.11632668,,,H2
714945,CİTYLOFT,Butik Otel,40.97569271,29.14867915,,,H2
715519,Cityloft Rakel,"Diğer (Apart, Pansiyon)",40.9756954,29.1484178,,,H1
717984,CITYLOFT RAKEL,Lüks Butik Otel,40.97584231,29.14873682,,,H2
719498,SUMAHAN VAKKO,Lüks Butik Otel,41.0,29.0,,,H1
820299,PUB STATION CAFE&BAR,Modern Pub & Bistro,40.9894101,29.0269425,,,D4-C
836050,SUADİYE OTEL ,Business,40.9567474,29.0805308,,,H1
837849,BIGCHEFS SUADİYE,Modern Pub & Bistro,40.9562871,29.089683,,,D1-A
848045,BOSPHORUS OTEL ,"Banket, Event, Etkinlik Oteli",41.0453262,29.0460872,,,H1
858971,MIDPOINT PALLADIUM,Modern Pub & Bistro,40.9855701,29.1006379,"82,296","82,9415",D2-B
870995,HAPPY MOON`S ŞAŞKINBAKKAL,Modern Pub & Bistro,40.96463821,29.07332479,"80,7828","93,6529",D2-B
874577,NUMNUM BRANDIUM ,Modern Pub & Bistro,41.0211488,29.0399053,,,D0-B
876367,DEDEMAN BOSTANCI,"Banket, Event, Etkinlik Oteli",40.962326,29.1110334,,,H1
886674,RADISSON BLU OTEL ATAŞEHİR ,"Banket, Event, Etkinlik Oteli",40.9910437,29.1159213,,,H1
902077,THE HUNGER BULVAR 2,Modern Pub & Bistro,40.99415281,29.11031373,"80,0876","83,973",D2-B
904612,WYNDHAM GRAND İSTAN,"Banket, Event, Etkinlik Oteli",40.9773632,29.0416963,,,H1
905917,ANATOLİA,Askeri Birlik-Sosyal Tesis,40.9538503,29.0937585,,,R2-C
909348,HOLİDAY IN ISTANBUL,Business,40.9926386,29.0432188,,,H2
909841,SHERATON HOTEL ATAŞ,"Banket, Event, Etkinlik Oteli",40.9935082,29.1020667,,,H1
926262,CROWNE PLAZA İSTANB,"Banket, Event, Etkinlik Oteli",41.030065,29.109058,,,H1
933437,THE HUNGER WATERGAR,Modern Pub & Bistro,40.9984082,29.0999834,"81,6814","84,1073",D2-B
936282,ARABECKS CAFE,Modern Pub & Bistro,40.9905091,29.0306837,,,D0-B
941953,CİTY LOFT OTEL,Lüks Butik Otel,40.979556,29.108225,,,H2
946304,ESKİ USUL MEYHANE,Butik Otel,40.9828175,29.0329325,,,H2
946546,DRAFT ATAŞEHİR,Modern Pub & Bistro,40.9990395,29.1009386,,,D2-B
956367,HAYAL KAHVESİ EMAAR,Gece Kulübü,41.0044015,29.0713783,,,D1-A
958635,MACCA BALIK,Balık,40.9821952,29.0372467,,,R0-B
959775,LİPSOS BALIK,Balık,40.9902554,29.0253911,,,R0-B
1000026925,ALA BALIK MEZE,Balık,40.9902554,29.0253911,"77,0151","80,0753",R2-B
962124,HANGAR,Modern Pub & Bistro,40.95319218,29.0952063,,,D3-B
962311,HİLTON KOZYATAĞI,"Banket, Event, Etkinlik Oteli",40.986792,29.08578705,0,0,H2
964426,HİLTON GARDEN IN ÜMRANİYE ,Business,41.0251528,29.1054404,,,H2
970155,39 KALAMIŞ MARINA HOTEL,Butik Otel,40.9758699,29.0412118,,,H2
970253,DASDAS,Modern Pub & Bistro,40.9940011,29.125195,,,D2-A
1000013196,THE HUNGER,Modern Pub & Bistro,40.9937287,29.1228661,"82,2756","84,3249",D2-B
1000013606,FÜREYYA MEYHANE ,Geleneksel Meyhane,40.989237,29.0282127,,,R3-C
705171,FÜREYYA MEYHANESİ,Geleneksel Meyhane,40.989237,29.0282127,"67,9419","79,1103",R2-C
1000014558,PERSPEKTİF OTEL.VE TURZ A.Ş.,Business,40.99711471,29.14367814,,,H2
1000019670,FERİDE MEYHANESİ,Yeni Nesil Meyhane,40.9850519,29.1078256,,,R2-A
1000021340,HAPPY MOONS BUYAKA,Modern Pub & Bistro,41.0263634,29.1286955,,,D2-A
700569,Habby moons bobs cafe,Modern Pub & Bistro,41.0263634,29.1286955,"80,7807","92,524",D1-B
1000021523,HAPPY MOONS CADDEBOSTAN,Modern Pub & Bistro,40.96688026,29.06773643,"80,7829","80,0756",D2-B
1000021810,ADDREESS HOTEL EMAAR,"Banket, Event, Etkinlik Oteli",41.0043172,29.0710656,,,H1
1000027147,MİLANO,Yeni Nesil Meyhane,40.97856028,29.13410794,,,R3-C
1000028667,GHAN OTEL,Butik Otel,40.9921641,29.041865,,,H2
960057,TOWN HOUSE,Premium Bistro Cafe,40.95795004,29.08185923,"99,8","69,712",D2-B
433236,BÜYÜK KULÜP,Askeri Birlik-Sosyal Tesis,40.9697692,29.05331426,"99,11","99,17",R1-A
700147,Peat&Sherry,Diğer Bistro Cafe,40.96484978,29.07149691,"98,81","68,82",D3-A
951054,HAYATİ OCAKBAŞI,Kebap,40.9734073,29.0984399,"94,4049","94,9093",R1-A
432520,DEL MARE,Balık,41.054384,29.052033,"94,0165","92,2595",R1-A
433059,BEYLERBEYİ VİLLA BO,Balık,41.0444681,29.0438796,"94,0141","94,2618",R1-A
433665,DEVELİ BALIK,Balık,40.9762786,29.0406828,"93,9414","91,2954",R1-A
969124,VAKKO BİSTRO EMAAR,Modern Pub & Bistro,41.0036086,29.0708377,"93,8859","93,2239",D1-A
433410,DEVELİ KALAMIŞ,Kebap,40.9764706,29.0396014,"93,7921","95,7646",R1-A
1000029315,ALEF OCAKBAŞI ,Kebap,40.9750052,29.0468359,"93,75","92,6495",R1-A
436770,SAHAN RESTAURANT,Kebap,40.9864332,29.1037979,"93,7427","95,698",R1-A
893667,DİVAN PUB ATAŞEHİR,Modern Pub & Bistro,41.0680246,29.0058102,"93,7369","90,5282",D1-A
928352,KÖŞEBAŞI ATAŞEHİR,Kebap,40.9955166,29.1071783,"93,7244","92,8608",R1-A
1000027500,ALİ OCAKBAŞI,Kebap,40.9595084,29.07301,"93,715","93,2777",R1-A
701397,ARTOIS,Kokteyl Bar,40.9672799,29.0652276,"93,7073","65,4669",D3-A
871302,DİVAN KALAMIŞ BRASS,Modern Pub & Bistro,40.9763135,29.040666,"93,6974","95,1387",D1-A
962463,NAKKAŞ KEBAP,Kebap,41.0323431,29.0402431,"93,5778","93,5762",R1-A
705144,EMPORIO,Fine Dining (D.Mutf-Şar.Evi),40.967289,29.065869,"93,5373","77,4184",D2-A
1000026620,NAZENDE RESTAURANT,Kebap,40.9672467,29.0634616,"93,5372","79,5522",R2-A
864891,DİVAN ERENKÖY,Modern Pub & Bistro,40.964967,29.072581,"93,5303","93,2491",D1-A
946542,ROTİSSERİA NOİR,Modern Pub & Bistro,40.9593499,29.0844223,"93,512","92,6296",D1-A
1000023095,STRADA CADDE,Fine Dining (D.Mutf-Şar.Evi),40.9585258,29.0849589,"93,494","93,4757",D1-A
951535,TAVACI RECEP USTA,Kebap,40.9523258,29.0969059,"93,4773","95,6862",R1-A
706571,ÇİLİNGİR SOFRASI,Kebap,40.9675888,29.066129,"93,4401","80,3891",R2-A
644432,MODA DENİZ KLUBÜ,Askeri Birlik-Sosyal Tesis,40.9791697,29.0233848,"93,3808","94,8527",R1-A
704691,DOKUZ ONDOKUZ,Modern Pub & Bistro,40.9634236,29.0770693,"93,3595","77,8279",D2-A
959380,FOÇA BALIK ATAŞEHİR,Balık,40.9874166,29.1188738,"93,2979","91,0877",R1-A
871168,KALBUR ET,Kebap,40.9999627,29.1432002,"93,2779","95,5759",R1-A
932445,MEZZE HOUSE,Balık,40.9718,29.0475,"93,2136","93,3023",R1-A
705265,FERİDA,Fine Dining (D.Mutf-Şar.Evi),40.9640945,29.0756064,"93,2133","79,0202",D2-A
953133,HANE KADIKÖY,Yeni Nesil Meyhane,40.9896761,29.0283228,"93,1367","92,8441",R1-A
938620,Saca ocakbaşı,Kebap,40.97392,29.046129,"93,0811","92,4725",R1-A
559648,VİCTOR LEVİ,Fine Dining (D.Mutf-Şar.Evi),40.9873587,29.0260049,"93,0213","78,9117",D2-A
1000019787,ALLEN,Kokteyl Bar,40.9574838,29.0872196,"93,0135","90,07",D1-A
703580,SEKİZDEYİZ KEBAP,Kebap,40.9553719,29.0891683,"93,0127","82,0693",R2-A
964428,WESTPORT PUB,Modern Pub & Bistro,40.977344,29.04171,"93,0068","90,9972",D1-A
704239,NOİR,Fine Dining (D.Mutf-Şar.Evi),40.9572091,29.0875839,"92,9739","90,7286",D1-A
1000026005,SALTATOR BALIK,Balık,40.9568951,29.0801473,"92,972","79,9942",R2-A
702268,AFRA SUADİYE,Yeni Nesil Meyhane,40.9594462,29.072956,"92,9463","89,7916",R1-A
939648,NENİ BRASSERİE,Modern Pub & Bistro,40.9671797,29.0654234,"92,914","67,4681",D3-A
460310,DEVELİ ATASEHİR,Kebap,40.985489,29.107654,"92,9071","94,8392",R1-A
956898,DİVAN AKASYA BRASSE,Modern Pub & Bistro,41.0007027,29.0548519,"92,886","90,6641",D1-A
955888,ZİYADE FASIL,Yeni Nesil Meyhane,40.9871309,29.0854914,"92,8716","91,1801",R1-A
1000027790,LOLİVETTO,Fine Dining (D.Mutf-Şar.Evi),40.9923266,29.1158863,"92,8277","79,9148",D2-A
965188,AIDA RESTORAN,Fine Dining (D.Mutf-Şar.Evi),40.9854827,29.0255633,"92,8203","65,0033",D3-A
709479,PAYYAR OCAKBAŞI,Kebap,40.9710375,29.0391927,"92,7666","77,0298",R2-A
1000018290,VAKKO BİSTRO ,Fine Dining (D.Mutf-Şar.Evi),41.1046902,28.9860565,"92,734","92,75",D1-A
966777,RİGEL RESTAURANT,Balık,41.0563988,29.052623,"92,7019","88,9358",R1-A
968892,5 MASA KALAMIŞ,Yeni Nesil Meyhane,40.974362,29.042106,"92,6728","77,8111",R2-A
1000023002,COTTO GASTRO,Modern Pub & Bistro,40.9607696,29.0746858,"92,6282","91,1367",D1-A
1000012849,REBORN SUADİYE,Modern Pub & Bistro,40.9615885,29.0844139,"92,627","80,1766",D2-A
959049,SOLE MİO,Kokteyl Bar,40.9744192,29.0471358,"92,6052","66,0198",D3-A
1000020288,NO 203,Kokteyl Bar,40.9739556,29.055654,"92,5251","79,8198",D2-A
1000028462,SAPA İSTANBUL,Modern Pub & Bistro,40.9812812,29.1073989,"92,4787","64,8626",D3-A
969090,MÜSAADE MEYHANE,Geleneksel Meyhane,40.982905,29.0328513,"92,4393","80,0788",R2-A
968864,MODA KAYIKHANE ,Tekne-Event Hall-Catering,40.979471,29.024052,"92,4008","93,9198",D1-A
1000011251,MOJO LOUNGE,Kokteyl Bar,40.9871164,29.1113246,"92,321","94,4447",D1-A
830371,KÖŞEBAŞI,Kebap,40.971751,29.060118,"92,2992","94,9336",R1-A
863828,KOÇO,Balık,40.9801066,29.0245649,"92,2721","94,1427",R1-A
957594,CİBALİKAPI MEYHANE,Balık,41.00067,29.1021579,"92,2413","92,3913",R1-A
857658,MİRROR,Modern Pub & Bistro,40.9568008,29.0803663,"92,1662","79,5816",D2-A
962446,BAHÇE ET,Kebap,40.991095,29.1323452,"92,1332","92,236",R1-A
831991,PİRAYE TAŞ PLAK MEYHANESİ,Geleneksel Meyhane,40.9896828,29.0283837,"92,1323","92,934",R1-A
702282,ATLAS MÜHÜRDAR,Fine Dining (D.Mutf-Şar.Evi),40.988487,29.023012,"92,0505","65,0701",D3-A
434242,BİSTRO 33 ,Modern Pub & Bistro,40.9642505,29.0702204,"92,0188","91,9671",D1-A
1000014017,VOGLIA,Modern Pub & Bistro,40.9641596,29.0754771,"91,9992","52,0993",D4-A
896128,WAYANA,Fine Dining (D.Mutf-Şar.Evi),40.981293,29.02255,"91,9051","53,2256",D4-A
704981,MATBAZEL ELENİ,Modern Pub & Bistro,40.958363,29.086557,"91,897","76,4192",D2-A
940149,FOLKS ,Kokteyl Bar,40.9634949,29.0765373,"91,8968","91,5515",D1-A
1000018359,BASTA NEO BISTRO,Modern Pub & Bistro,40.971422,29.0524539,"91,835","64,7843",D3-A
1000022311,IL SUD,Fine Dining (D.Mutf-Şar.Evi),40.9877396,29.0247453,"91,8087","56,9618",D4-A
1000021784,PORCH,Modern Pub & Bistro,40.9569106,29.0881585,"91,7952","89,3314",D1-A
905763,HATAY RESTAURANT,Geleneksel Meyhane,40.9538889,29.0936111,"91,7882","66,8514",R3-A
951950,KALAMARIA,Balık,40.973718,29.045956,"91,7186","89,9439",R1-A
878198,FARUK ILGAZ TESİSLE,Tekne-Event Hall-Catering,40.9693163,29.0336236,"91,6943","91,9494",D1-A
863748,BEYLERBEYİ DOĞA,Balık,41.0462166,29.0494265,"91,662","89,9332",R1-A
1000029425,DİVAN ÜSKÜDAR ,Modern Pub & Bistro,41.0274,29.0423,"91,6291","91,2614",D1-A
955167,RİTA MODA,Fine Dining (D.Mutf-Şar.Evi),40.9838722,29.026349,"91,5988","89,7463",D1-A
1000018854,PEYSAGE RESTAURANT  KALAMIŞ,Yeni Nesil Meyhane,40.9741371,29.0361424,"91,5741","94,3777",R1-A
701906,YSABEL,Gece Kulübü,40.9573639,29.0807648,"91,5499","90,3298",D1-A
951942,KAŞIBEYAZ ATAŞEHİR,Kebap,40.998656,29.099195,"91,543","92,0229",R1-A
903096,MİSİNA BALIK,Balık,40.9682196,29.0578166,"91,5391","92,8215",R1-A
549712,BRASSERIE POLONEZ/ ,Modern Pub & Bistro,40.986026,29.100493,"91,5266","80,6013",D2-A
938123,REVOLTE CAFE PUB,Modern Pub & Bistro,40.988133,29.027021,"91,5001","91,8634",D1-A
863941,ÇATANA BALIK,Balık,40.9536972,29.0900323,"91,4762","91,5292",R1-A
951164,TİKE KEBAP,Kebap,40.9567002,29.08026709,"91,474","88,8875",R1-A
100000838,THE GALLİARD METROPOL,Fine Dining (D.Mutf-Şar.Evi),40.9936105,29.120838,"91,4593","76,4879",D2-A
874254,EFTELYA BALIK,Balık,40.9591732,29.0727477,"91,4455","90,0311",R1-A
949778,ANILAR KOŞUYOLU,Yeni Nesil Meyhane,41.0099008,29.0409006,"91,3823","89,1559",R1-A
888230,MYLOS,Balık,41.0055216,29.046431,"91,3605","91,2184",R1-A
700110,BEDRİ USTA KALAMIŞ ,Kebap,40.9800302,29.039361,"91,3604","95,2518",R1-A
969514,DURU TİYATRO,Tekne-Event Hall-Catering,40.99793436,29.10033471,"91,3379","91,137",D1-A
949053,ROCK ROLL,Modern Pub & Bistro,40.9889112,29.0247242,"91,3291","79,4757",D2-A
100000488,MATHILDAS,Kokteyl Bar,40.9882664,29.0267312,"91,3251","91,6933",D1-A
875053,THALES,Modern Pub & Bistro,40.9868727,29.0275439,"91,2981","83,011",D2-A
950821,ADANA OCAKBAŞI ,Kebap,40.9989172,29.0972357,"91,2556","91,1253",R1-A
955104,THE GALLIARD,Modern Pub & Bistro,41.0041616,29.0714556,"91,2522","76,3351",D2-A
883629,SUSHICO KALAMIS ,Fine Dining (D.Mutf-Şar.Evi),40.9774068,29.040992,"91,2304","95,5808",D1-A
867571,MIDPOINT BUYAKA,Modern Pub & Bistro,41.0262534,29.1267048,"91,2011","94,3468",D1-A
1000025341,ROSSI SUADİYE,Modern Pub & Bistro,40.9569801,29.0808007,"91,197","63,9354",D3-A
705450,VERTICAL,Modern Pub & Bistro,40.9659792,29.0711118,"91,1287","76,1245",D2-A
1000012528,CİHANGİR OCAKBAŞI,Kebap,41.0088673,29.0363931,"91,127","75,7374",R2-A
970666,ÜSTADLAR OCAKBAŞI,Kebap,40.985171,29.0981252,"91,0917","91,7955",R1-A
709436,FUAYE,Askeri Birlik-Sosyal Tesis,41.076341,29.0182846,"91,0538","92,513",R1-A
1000010582,BARMY ,Modern Pub & Bistro,40.9867047,29.0266333,"90,9741","75,5664",D2-A
873648,KASSAP,Kebap,40.9822099,29.0229742,"90,9289","90,0847",R1-A
1000018951,AKSİ CADDE,Modern Pub & Bistro,40.974299,29.0550845,"90,921","64,8848",D3-A
433333,BİNA,Modern Pub & Bistro,40.9863782,29.0264087,"90,8267","77,9269",D2-A
1000029623,ÇEŞME ALAÇATI BALIKÇIŞI,Balık,40.989946,29.117554,"90,6474","88,7793",R1-A
713782,GÜNAYDIN ŞAŞKINBAKKAL,Kebap,40.9595843,29.0732305,"90,6325","87,7779",R1-A
713781,GÜNAYDİN (KALAMIS),Kebap,40.9770361,29.0409246,"90,467","87,9307",R1-A
959046,GS TESİSLERİ,Askeri Birlik-Sosyal Tesis,40.9687501,29.0323955,"90,3692","91,8239",R1-A
639550,KHALKEDON FENERBAHÇE,Askeri Birlik-Sosyal Tesis,40.9691806,29.0373689,"90,2594","93,8089",R1-A
961242,NO 11,Kokteyl Bar,40.9880871,29.0269302,"90,2219","80,1353",D2-A
821558,SHİNE,Modern Pub & Bistro,40.9890925,29.0218696,"90,2182","92,4876",D1-A
925414,YENİ MEYHANE,Geleneksel Meyhane,40.9898381,29.0277534,"89,9881","92,0113",R1-A
1000022784,BURJ,Modern Pub & Bistro,40.9710212,29.0391451,"89,9482","65,4444",D3-A
813900,MY CHEF,Modern Pub & Bistro,40.9872744,29.0275117,"89,9024","67,0636",D3-A
885980,MÜJGAN MEYHANE KADIKÖY ,Geleneksel Meyhane,40.9891099,29.0281668,"89,8423","90,6722",R1-A
895288,BAUSTA ,Kokteyl Bar,40.960283,29.083699,"89,7865","80,5609",D2-A
870297,MOSHONİS,Balık,40.9796676,29.0445773,"89,7776","88,9511",R1-A
968309,VAKKO AKASYA PATISS,Modern Pub & Bistro,41.0019395,29.0550198,"89,73","91,52",D1-A
888227,MUHİT KADIKÖY,Modern Pub & Bistro,40.9882272,29.0239289,"89,7027","80,9903",D2-A
957928,BEYAZ FIRIN SUADİYE,Modern Pub & Bistro,40.9568313,29.080295,"89,6477","92,1926",D1-A
965630,EPOPEE,Modern Pub & Bistro,40.9893869,29.140792,"89,6305","65,057",D3-A
661826,KHALKEDON KALAMIŞ,Askeri Birlik-Sosyal Tesis,40.9814825,29.0373743,"89,6278","92,978",R1-A
855155,POLONEZ BARBEKÜ,Modern Pub & Bistro,40.985515,29.099574,"89,6152","75,0287",D2-A
863031,SARNIÇ RESTAURANT,Geleneksel Meyhane,40.9889965,29.0243143,"89,2399","82,3276",R2-A
1000012967,BİZBİZE FASIL,Yeni Nesil Meyhane,40.9537243,29.0899829,"89,2048","91,0104",R1-A
1000018446,NEWBERİ,Geleneksel Meyhane,40.9844189,29.0997786,"89,1868","88,8331",R1-A
929498,DRAFT KADIKÖY,Modern Pub & Bistro,40.9868419,29.0254767,"88,9204","65,9568",D3-A
961709,01 OCAKBAŞI ALPER GÜLTEKİN,Kebap,40.9912299,29.1066403,"88,8016","92,5605",R1-A
702912,KOMPARTIMAN,Fine Dining (D.Mutf-Şar.Evi),40.9963688,29.0285632,"88,787","60,682",D3-A
718561,TEPSİ ET OCAKBAŞI,Kebap,40.964194,29.0708777,"88,6227","63,4406",R3-A
718678,İL SUD GIARDINO,Fine Dining (D.Mutf-Şar.Evi),40.9620236,29.0732401,"88,5476","63,4382",D3-A
718563,DECOLLAGE ART SPACE,Modern Pub & Bistro,40.9593774,29.0852952,"88,4874","63,5708",D3-A
961188,MAJA SUADİYE,Modern Pub & Bistro,40.963085,29.0758935,"88,2064","80,5204",D0-B
718755,LE MEJNUN,Kebap,41.00060556,29.10197653,"87,8354","73,983",R2-A
717425,KAYIKHANE SOKAK,Tekne-Event Hall-Catering,40.9798668,29.0245161,"87,3026","86,354",D1-A
100000390,KÜF KOLLEKTİF ,Modern Pub & Bistro,40.9893261,29.0299026,"85,877","64,787",D3-A
1000015917,BODEN,Modern Pub & Bistro,40.9871887,29.0316497,"82,16","63,17",D3-B
705908,ADANA İL SINIRI,Kebap,40.9915128,29.1045612,"82,1295","81,6557",R2-B
842049,RANCHERO SUADİYE,Modern Pub & Bistro,40.95885,29.082108,"81,2303","80,3077",D2-B
972916,THE MUHTAR,Yeni Nesil Meyhane,40.9921069,29.1044926,"81,1986","89,6293",R1-B
958346,RANCHERO  ATAŞEHİR,Modern Pub & Bistro,40.9980833,29.0997517,"81,0866","77,1481",D2-B
945861,BABA SAHNE,Modern Pub & Bistro,40.9874686,29.02787,"80,9965","67,0896",D3-B
966595,BIG CHEFS METROPOL,Modern Pub & Bistro,40.9943106,29.1240121,"80,9889","78,4862",D2-B
960263,BİG CHEF MODA,Modern Pub & Bistro,40.9807104,29.0256834,"80,9423","96,422",D1-B
434214,KADİFE BAR,Gece Kulübü,40.98724398,29.02679712,"80,8628","90,2905",D1-B
711315,BAR REAL,Gece Kulübü,40.9897056,29.0283901,"80,8408","92,4921",D1-B
434073,LAMİA LUCE,Fine Dining (D.Mutf-Şar.Evi),40.9572527,29.0805333,"80,8072","77,8668",D2-B
873334,MIDPOINT FENERBAHCE,Modern Pub & Bistro,40.9712209,29.0385943,"80,7511","96,0938",D1-B
1000028982,LAKERDA BALIK ,Balık,40.9402108,29.1118211,"80,6407","89,9365",R1-B
828021,HAPPY MOON`S KALAMIŞ,Modern Pub & Bistro,40.9703382,29.0384233,"80,6388","81,1672",D2-B
870448,EFKAN`IN YERİ ŞAŞKIN BALIK,Balık,40.9637705,29.0769118,"80,623","66,9252",R3-B
922015,PARK ADANA ATAŞEHİR,Kebap,40.9907857,29.1177003,"80,6125","95,8438",R1-B
941910,AGAPIA MODA,Geleneksel Meyhane,40.9881348,29.027911,"80,6065","81,1668",R2-B
1000016533,ZEVK LOKANTA,Geleneksel Meyhane,40.9856907,29.0274654,"80,5842","93,7952",R1-B
703622,THE HUNGER EMAAR,Modern Pub & Bistro,41.0022454,29.0707334,"80,5568","76,8878",D2-B
432392,BRIDGE RESTAURANT,Kebap,41.0328672,29.035526,"80,537","90,4324",R1-B
881699,KÖZ KANAT ATAŞEHİR,Kebap,40.987799,29.1241098,"80,5281","93,7753",R1-B
945259,BIG CHEFS EMAAR SQU,Modern Pub & Bistro,41.0037284,29.0708798,"80,519","78,6099",D2-B
705653,BELUGA FİSH ATAŞEHİR ,Balık,40.9876433,29.1208229,"80,5037","77,8045",R2-B
702536,SAHNE 17,Yeni Nesil Meyhane,40.9871309,29.0854914,"80,4913","91,3886",R1-B
931664,MIDPOINT ERENKÖY,Modern Pub & Bistro,40.9638281,29.0737649,"80,4211","95,8222",D1-B
1000026144,MAHALLE MEYHANESİ ,Geleneksel Meyhane,40.963231,29.0765351,"80,4052","54,0772",R4-B
871508,SACA MARIN ,Balık,40.977909,29.0408458,"80,402","91,743",R1-B
711003,KONOHA RESTAURANT,Fine Dining (D.Mutf-Şar.Evi),40.9566024,29.0881028,"80,3362","57,0679",D4-B
952051,ROKA BALIK,Geleneksel Meyhane,41.0084573,29.0390539,"80,3224","92,3087",R1-B
911099,DRAFT GÖZTEPE ,Modern Pub & Bistro,40.97580232,29.05192282,"80,2756","57,5957",D4-B
432713,DENİZYILDIZI RESTAU,Balık,41.0504937,29.0523507,"80,2658","78,3554",R2-B
944835,BIG CHEFS CAPITOL A,Modern Pub & Bistro,41.0208292,29.0398489,"80,2617","79,1911",D2-B
1000021342,HAPPY MOONS AKASYA,Modern Pub & Bistro,41.0010181,29.0541909,"80,2491","79,1669",D2-B
703606,BİGCHEFS WATERGARDEN,Modern Pub & Bistro,41.0015766,29.106657,"80,241","76,6083",D2-B
873321,AGAPİA,Geleneksel Meyhane,40.9863334,29.0266749,"80,2056","78,6277",R2-B
433330,KARGA,Modern Pub & Bistro,40.9866119,29.0265598,"80,2033","79,2906",D2-B
709387,İKİNCİ BAHAR RESTORAN ,Kebap,40.98526714,29.10807587,"80,1763","76,7503",R2-B
431913,LA COLİNA,Tekne-Event Hall-Catering,41.0330047,29.0349006,"80,1621","79,4727",D2-B
830760,SAKİ BALIK,Balık,40.9647743,29.0661925,"80,1605","65,6458",R3-B
944302,Dream-BOĞAZİÇİ BORSA ADİL,Fine Dining (D.Mutf-Şar.Evi),41.0721338,29.0581572,"80,1117","90,3069",D1-B
432850,İNCİRALTI,Geleneksel Meyhane,41.0443534,29.0447063,"80,1001","92,7138",R1-B
941912,SANAT OCAKBAŞI,Kebap,40.98022619,29.10323081,"80,0342","79,9578",R2-B
896728,ASMALI BAHÇE,Geleneksel Meyhane,40.9887349,29.0328459,"80,0286","81,1696",R2-B
436677,ADANA DOSTLAR RESTAURANT,Kebap,40.9852023,29.0984175,"80,0221","94,0736",R1-B
961484,PARK BALIK,Balık,41.0121824,29.1794665,"79,9909","94,2352",R1-B
924111,DRAFT ACIBADEM,Modern Pub & Bistro,40.999734,29.038539,"79,9708","56,7419",D4-B
1000026064,ŞAHANE LIVE,Yeni Nesil Meyhane,40.9640227,29.0654647,"79,9364","92,7871",R1-B
709643,TEEO,Fine Dining (D.Mutf-Şar.Evi),40.991022,29.1414274,"79,9193","72,324",D2-B
1000026201,KURUÇEŞME KAHVECİSİ,Modern Pub & Bistro,40.9858434,29.0987935,"79,8548","66,8901",D3-B
865383,TİKE BEYLERBEYİ,Kebap,41.044418,29.044411,"79,8147","91,9032",R1-B
700646,Bedri Usta,Kebap,40.9599874,29.0834645,"79,8095","93,8692",R1-B
703115,LENA RESTORAN,Fine Dining (D.Mutf-Şar.Evi),40.9893924,29.027037,"79,7541","53,9542",D4-B
807159,CUNDA BALIK,Balık,40.95342,29.093872,"79,701","92,7951",R1-B
954737,MAŞUK DEVRİ MEYHANE,Geleneksel Meyhane,40.990631,29.0307813,"79,6698","80,0781",R2-B
825638,VOLKAN ARPACI ATAŞEHİR ,Kebap,40.98820602,29.1247,"79,6407","94,1906",R1-B
700159,VERDURA,Modern Pub & Bistro,40.959392,29.080956,"79,6128","55,0053",D4-B
700159,VERDURA,Modern Pub & Bistro,40.959392,29.080956,"79,6128","55,0053",D4-B
880758,MIDPOINT AKASYA,Modern Pub & Bistro,41.0008793,29.0541229,"79,6118","94,7776",D1-B
714377,PERRAN OCAKBAŞI,Kebap,40.967017,29.065785,"79,5872","66,0446",R3-B
703965,SELAMİ ÇEŞME KEBAPÇISI,Kebap,40.9809299,29.0549959,"79,5775","56,2454",R4-B
431963,İSMET BABA RESTAURA,Balık,41.0366571,29.0294973,"79,5768","93,4583",R1-B
964481,MAZİDEN MEYHANE,Geleneksel Meyhane,40.9541611,29.0949562,"79,567","93,8029",R1-B
860867,KADIKÖY SAHNE,Tekne-Event Hall-Catering,40.9903027,29.0278792,"79,5606","81,0486",D2-B
715663,ANILAR OCAKBAŞI,Kebap,41.011345,29.0393854,"79,5349","55,7807",R3-B
883651,KİPOS BALIK,Balık,41.006923,29.033276,"79,5267","92,7553",R1-B
965946,SUADİYE BALIK,Balık,40.956952,29.080761,"79,512","92,3879",R1-B
930631,NEWCASTLE,Modern Pub & Bistro,40.9979511,29.1000891,"79,5056","76,1483",D2-B
903929,WELLDONE SUADIYE ,Modern Pub & Bistro,40.956931,29.079165,"79,5028","94,6611",D1-B
715728,CAFE 460,Modern Pub & Bistro,40.9573222,29.0868304,"79,5005","64,8811",D3-B
704662,GARCIA,Modern Pub & Bistro,40.9671712,29.0678094,"79,4752","51,0574",D4-B
970489,TAMİRANE AKASYA,Gece Kulübü,41.0007508,29.0544653,"79,4623","65,5573",D3-B
955149,ROTA BALIK,Balık,40.989689,29.024694,"79,4362","93,6257",R1-B
961129,METROPOL MİDPOİNT,Modern Pub & Bistro,40.9938857,29.1247608,"79,4334","79,9701",D2-B
885248,MOR MEYHANE ATAŞEHİR,Yeni Nesil Meyhane,40.9872511,29.1115314,"79,4253","94,1764",R1-B
932001,WATER GARDEN MİDPOI,Modern Pub & Bistro,40.9979342,29.0997846,"79,3971","79,1635",D2-B
702955,ALTKAT DRINKERY,Modern Pub & Bistro,40.9995033,29.0389986,"79,3186","76,5028",D2-B
1000019641,MECİT İN ANTAKYA MUTFAĞI,Kebap,40.9747164,29.0805561,"79,3047","55,188",R4-B
1000026581,ETHEM ET ,Kebap,40.9721826,29.074078,"79,3017","79,6069",R2-B
966626,MECRA KADIKÖY,Modern Pub & Bistro,40.9887948,29.0245451,"79,288","79,8639",D2-B
1000011449,KİRPİ CAFE AKASYA,Modern Pub & Bistro,41.0011658,29.054697,"79,2859","66,9546",D3-B
939774,ŞAŞKIN BALIK,Balık,40.9862781,29.0971064,"79,2757","93,8193",R1-B
959975,COOKSHOP WATER GARD,Modern Pub & Bistro,40.998046,29.0997962,"79,2692","93,0669",D1-B
863297,ŞİRAZ MEYHANE,Geleneksel Meyhane,40.9877369,29.0249271,"79,265","73,9174",R2-B
922775,BİRTAT KOŞUYOLU,Geleneksel Meyhane,41.0110511,29.0400924,"79,2594","92,0214",R1-B
715690,Cibalı Kapı Balıkçısı,Balık,40.980526,29.0241054,"79,2085","65,4744",R3-B
844847,BİBUÇUK CADDEBOSTAN,Modern Pub & Bistro,40.9677434,29.0659078,"79,1843","66,1903",D3-B
1000027478,OLD ENGLISH PUB,Modern Pub & Bistro,40.9625062,29.0763625,"79,1755","77,7376",D2-B
1000021849,BARBA ET,Kebap,40.9529548,29.0948797,"79,1623","76,4975",R2-B
1000015074,MARİN GURME,Modern Pub & Bistro,40.9940208,29.1225213,"79,1559","80,2961",D2-B
931977,ZÜBEYİR OCAKBAŞI AT,Kebap,40.9993987,29.1011158,"79,1557","92,765",R1-B
909108,GÜNEŞİN SOFRASI,Geleneksel Meyhane,40.9898532,29.0301897,"79,103","93,9092",R1-B
942616,DUBLE MUHABBET,Geleneksel Meyhane,40.985789,29.025093,"79,0907","77,2978",R2-B
965940,THE WALL SALOON PERFORMANCE,Tekne-Event Hall-Catering,40.9896746,29.0228178,"79,0677","93,5057",D1-B
432882,TRABZON KÜLTÜR DERN,Askeri Birlik-Sosyal Tesis,41.036091,29.045432,"79,047","93,9321",R1-B
701030,"Happy moon,s",Modern Pub & Bistro,41.0033468,29.0715215,"79,0415","79,3681",D2-B
1000025594,FELEK MANGALBAŞI,Kebap,40.9595545,29.0729378,"78,9968","89,4192",R1-B
935821,BISTRO 33 AKASYA,Modern Pub & Bistro,41.00101395,29.05460922,"78,9677","55,2572",D4-B
876708,MODA KALDIRIMI BLACK,Modern Pub & Bistro,40.987198,29.0256804,"78,9545","64,6249",D3-B
923995,45`LİK BAR KADIKÖY,Gece Kulübü,40.9877773,29.0279797,"78,9161","66,2765",D3-B
960133,AYI MODA,Modern Pub & Bistro,40.98690708,29.02546909,"78,9087","79,4364",D2-B
961760,KAFULLİ RESTAURANT ,Balık,40.9889225,29.1258836,"78,8696","64,8036",R3-B
715063,NOU94,Kokteyl Bar,41.0092079,29.0368035,"78,8681","65,5486",D3-B
904653,PUBLIC HOUSE,Modern Pub & Bistro,41.0102423,29.0408989,"78,8657","78,6002",D2-B
704668,LOCHNESS,Modern Pub & Bistro,40.9874181,29.0260432,"78,8644","64,6278",D3-B
514853,BEYLERBEYİ İSKELE RESTAURANT ,Balık,41.0447682,29.0451754,"78,8527","78,6593",R2-B
433335,MASAL EVI,Modern Pub & Bistro,40.9861161,29.026541,"78,8079","64,6796",D3-B
969157,ÇAKIL MEYHANE,Geleneksel Meyhane,40.9542974,29.0943968,"78,7757","80,1173",R2-B
713765,PLAY SPORTS,Modern Pub & Bistro,40.9899222,29.0272294,"78,7708","64,7717",D3-B
1000011793,THE NORTH SHIELD CADDE,Modern Pub & Bistro,40.9677057,29.0680496,"78,7669","75,7313",D2-B
952470,BARBAYANİ,Balık,40.9533162,29.0940484,"78,7488","78,5725",R2-B
1000021387,ZERDELİ ,Yeni Nesil Meyhane,40.964843,29.061672,"78,7264","92,2879",R1-B
1000017949,OLDFORD ,Balık,41.0823229,29.0674705,"78,7173","92,7744",R1-B
433420,DALYAN CLUB,Askeri Birlik-Sosyal Tesis,40.9714023,29.0411054,"78,7098","91,8122",R1-B
434114,PALMİYE KEBAP,Kebap,40.980752,29.0510745,"78,706","80,3686",R2-B
884465,ZEYTİN CAFE,Modern Pub & Bistro,40.98845806,29.02504575,"78,6878","65,3338",D3-B
944350,BİRA FABRİKASI MODA,Modern Pub & Bistro,40.9875507,29.026243,"78,6589","77,7335",D2-B
965646,NORTH KOŞUYOLU,Modern Pub & Bistro,41.0095896,29.0404491,"78,632","76,1684",D2-B
940046,ŞAHANE MEYHANE,Yeni Nesil Meyhane,40.96405672,29.06554844,"78,63","94,7175",R1-B
964355,MİZAH CAFE,Modern Pub & Bistro,40.9899812,29.0224626,"78,6235","64,6041",D3-B
943476,ÇIKMAZ MEYHANE,Geleneksel Meyhane,40.9894593,29.0282307,"78,6162","92,1943",R1-B
810601,MAHİDE OCAKBAŞI,Yeni Nesil Meyhane,41.04475926,29.04485967,"78,6139","88,5609",R1-B
434254,BELFAST 1,Modern Pub & Bistro,40.9854172,29.0262608,"78,6094","65,2431",D3-B
891169,KARŞI SAHNE,Gece Kulübü,40.9886031,29.0238545,"78,5868","78,7976",D2-B
1000019907,GÜVERTE ,Modern Pub & Bistro,40.981549,29.022044,"78,5849","65,2367",D3-B
714085,DAVID PEOPLE KOZYATAĞI,Modern Pub & Bistro,40.9799229,29.0857738,"78,5129","63,5337",D3-B
709690,HAVELKA,Modern Pub & Bistro,40.9648525,29.0659195,"78,5031","64,6311",D3-B
1000025806,CAFE & SHOP,Modern Pub & Bistro,40.98672137,29.02751846,"78,4927","64,7967",D3-B
433327,TRIP,Modern Pub & Bistro,40.986788,29.026647,"78,4702","90,3582",D1-B
700771,PUB LOKAL,Modern Pub & Bistro,40.99429788,29.11052573,"78,4664","64,0755",D3-B
871689,OXO ,Gece Kulübü,40.989454,29.027688,"78,4637","55,8664",D3-B
929960,ZEYBEK RASTAURANT,Geleneksel Meyhane,41.010915,29.0403627,"78,4417","90,076",R1-B
945491,BİG MEYHANE,Geleneksel Meyhane,40.9925561,29.1211619,"78,4293","76,9394",R2-B
853236,CORNER,Modern Pub & Bistro,40.9888887,29.024647,"78,4252","77,8343",D2-B
968808,CORNER MEYHANE,Yeni Nesil Meyhane,40.9888887,29.024647,"77,9901","74,4848",R2-B
869489,MEMLEKET MEYHANESİ,Geleneksel Meyhane,40.9891221,29.0296956,"78,4158","92,5005",R1-B
1000018604,HARLEM  ,Modern Pub & Bistro,40.9901945,29.0276155,"78,3744","77,119",D2-B
1000010808,PENNYLANE,Modern Pub & Bistro,40.9675086,29.0678569,"78,3515","64,8244",D3-B
460498,HARP IRISH PUB,Modern Pub & Bistro,40.9891262,29.0219222,"78,3382","65,1127",D3-B
918532,DİMO CAFE,Modern Pub & Bistro,40.9881728,29.0238288,"78,31","65,2913",D3-B
819737,DENİZ YILDIZI KADIKÖY,Balık,40.9901798,29.0247505,"78,3064","79,4022",R2-B
434020,SAHAF CAFE BAR,Modern Pub & Bistro,40.9902406,29.0264639,"78,2932","78,3278",D2-B
910847,KEYİFZADE,Geleneksel Meyhane,41.0109763,29.0401884,"78,2881","76,3699",R2-B
833424,HÜKÜMDAR SOFRASI,Kebap,40.9866243,29.0962375,"78,2814","92,0313",R1-B
939340,ANTEBİ RESTAURANT,Kebap,40.9715883,29.0518182,"78,2796","89,4794",R1-B
969161,MAHLE RESTAURANT,Modern Pub & Bistro,40.9890331,29.0280011,"78,2757","65,5005",D3-B
938058,FİL MODA,Modern Pub & Bistro,40.9814638,29.0230983,"78,2718","75,469",D2-B
901485,ZEPLİN ,Modern Pub & Bistro,40.97392,29.046129,"78,2611","64,836",D3-B
603585,ŞELALE RESTAURANT,Geleneksel Meyhane,40.9889903,29.024002,"78,2452","79,7133",R2-B
573858,KAHVERENGİ CAFE,Modern Pub & Bistro,40.9876552,29.0279362,"78,2398","66,0308",D3-B
904656,RADİKA BALIK ,Geleneksel Meyhane,41.0104011,29.0408698,"78,2193","91,9978",R1-B
100000604,BAUSTA NO9,Kokteyl Bar,40.9604364,29.083382,"78,2013","90,6503",D1-B
715256,DRAFT ATAŞEHIR,Modern Pub & Bistro,40.998442,29.1000665,"78,1955","76,9445",D2-B
939403,MÜZEYYEN`İN BALKONU,Geleneksel Meyhane,40.9898979,29.027861,"78,1948","77,705",R2-B
434216,ROCK PUB,Modern Pub & Bistro,40.9852811,29.0263714,"78,1858","65,9642",D3-B
923295,SAVOR,Gece Kulübü,40.989027,29.022626,"78,1381","90,5804",D1-B
1000019370,ARALIK,Kokteyl Bar,40.9855365,29.0254931,"78,132","64,6267",D3-B
932234,MUAF KADIKÖY,Modern Pub & Bistro,40.9903312,29.0270705,"78,125","64,9686",D3-B
702072,REÇETE MODA,Modern Pub & Bistro,40.9845543,29.0263054,"78,1147","64,8014",D3-B
887813,CAPTAIN HADDOCK,Modern Pub & Bistro,40.9764156,29.0415147,"78,0674","54,7478",D4-B
877617,HİÇ,Modern Pub & Bistro,40.9874534,29.0265305,"78,0627","90,5692",D1-B
703348,SOİ CADDE,Modern Pub & Bistro,40.96932696,29.06414464,"78,0585","63,0149",D3-B
856058,MÜZEYYEN,Geleneksel Meyhane,41.0113889,29.0394444,"78,0578","91,8856",R1-B
1000026682,PAOLİNA ,Modern Pub & Bistro,40.96289,29.074306,"78,0347","54,8702",D0-B
926659,RAZAKİ BALIK,Balık,40.9681655,29.0854863,"78,0339","78,4351",R2-B
962940,USTAM OCAKBAŞI,Kebap,40.9786533,29.0729953,"78,0319","92,6774",R1-B
932910,ALAÇATI SOKAK MEYHANESİ,Geleneksel Meyhane,40.9646943,29.0660118,"78,0244","78,0456",R2-B
1000027623,YAKUP 2,Geleneksel Meyhane,40.9998617,29.0985879,"78,0166","89,5847",R1-B
817324,SAFRAN PUB,Geleneksel Meyhane,40.9899547,29.0278206,"78,0159","91,317",R1-B
434349,MACCA BALIK ,Balık,40.98005298,29.08589112,"78,0109","78,6672",R2-B
822424,VİA BALIK RESTAURAN,Balık,41.0446696,29.0447546,"78,006","76,8143",R2-B
919132,AYI KADIKÖY DİSCO BAR,Modern Pub & Bistro,40.9901552,29.0228296,"78,0058","92,3664",D1-B
700149,GAFF,Modern Pub & Bistro,40.9887696,29.0245891,"78,0055","65,0434",D3-B
704055,MARİE ANTOİNETTE CHOCOLATİER,Kokteyl Bar,40.9707712,29.067516,"78,0053","62,716",D3-B
964201,BERLİN PUB,Modern Pub & Bistro,40.9895737,29.0261659,"77,9896","77,2769",D2-B
560375,SAKİ MEYHANE,Geleneksel Meyhane,40.9897907,29.0247929,"77,9885","79,9699",R2-B
910384,KAVALA BALIK,Balık,40.9828874,29.0651014,"77,9798","56,3726",R4-B
705263,GEYIK,Modern Pub & Bistro,40.9897796,29.0270202,"77,9627","64,7011",D3-B
924715,DEFNE BAR,Modern Pub & Bistro,40.9900059,29.027728,"77,9485","53,6457",D3-B
1000029622,BRAVO CAFE,Modern Pub & Bistro,40.9937117,29.1230242,"77,9386","54,3567",D4-B
968815,GOYGOY BY FİL,Modern Pub & Bistro,40.9878066,29.0241656,"77,9118","51,6617",D4-B
941917,DOPAMINA,Modern Pub & Bistro,40.9876998,29.0257725,"77,903","51,8654",D4-B
434238,AYLAK KADIKÖY,Modern Pub & Bistro,40.9894445,29.0257401,"77,8783","78,3688",D2-B
879702,İNANNA CAFE,Modern Pub & Bistro,40.98766,29.0277271,"77,8783","64,9447",D3-B
433311,GÜĞÜM CAFE RESTAURANT,Geleneksel Meyhane,40.9888205,29.0245137,"77,8753","53,468",R4-B
953405,PİYA,Modern Pub & Bistro,40.9900172,29.0271549,"77,8139","65,9187",D3-B
704858,KÜLT BY MUHİT,Modern Pub & Bistro,40.9883202,29.0249017,"77,7885","64,8747",D3-B
908219,VERA RESTAURANT,Geleneksel Meyhane,40.9894368,29.0283431,"77,7789","74,5995",R2-B
923961,VAKIF TENİS CAFE,Modern Pub & Bistro,40.9647983,29.0587382,"77,7759","66,4547",D3-B
874102,EGE MEYHANESİ,Geleneksel Meyhane,40.9926377,29.1207998,"77,7714","76,7004",R2-B
943530,MONKEY BUSİNES,Modern Pub & Bistro,41.0081443,29.0387535,"77,7211","64,9676",D3-B
1000020016,Q2 CAFE ,Modern Pub & Bistro,40.9985644,29.0979852,"77,6889","75,6622",D2-B
700157,TEA SHOP COCKTAIL BAR,Kokteyl Bar,40.9828693,29.0327871,"77,6878","51,8967",D4-B
825734,MİLA ŞARAP EVİ ,Fine Dining (D.Mutf-Şar.Evi),40.988348,29.02797,"77,6632","53,5099",D4-B
885981,RESET ,Modern Pub & Bistro,40.9881151,29.0236846,"77,6576","54,0341",D4-B
920344,BABBO PİZZA ,Modern Pub & Bistro,40.974562,29.0534358,"77,6534","55,2004",D4-B
645888,ÇINARALTI MANGALBAŞI,Kebap,40.952734,29.096458,"77,6053","77,023",R2-B
908546,YORK,Modern Pub & Bistro,40.9861746,29.0258585,"77,5773","65,4795",D3-B
959836,NERUDA,Modern Pub & Bistro,40.9896068,29.0261952,"77,5481","77,6012",D2-B
890483,BAYKUŞ,Modern Pub & Bistro,40.9890777,29.0281464,"77,5426","54,61",D4-B
881226,NEXUS ,Modern Pub & Bistro,40.9890142,29.0239872,"77,4936","91,0956",D1-B
702768,HADİ BAKALIM,Yeni Nesil Meyhane,40.9925381,29.1208145,"77,464","50,0476",R4-B
700169,WOOD KEBAP ,Kebap,40.9995155,29.0984458,"77,4584","76,4706",R2-B
702022,CEM YAT,Tekne-Event Hall-Catering,40.9697908,29.036513,"77,4253","64,3725",D3-B
100000917,FİL ŞAŞKINBAKKAL,Modern Pub & Bistro,40.9636207,29.0758657,"77,3749","90,4254",D1-B
908220,FİL MUTFAK,Modern Pub & Bistro,40.986732,29.025505,"77,3717","78,5632",D2-B
433328,LAL,Modern Pub & Bistro,40.9866745,29.0267402,"77,3542","78,5247",D2-B
714860,CHEERZ CADDEBOSTAN  ,Kokteyl Bar,40.96705816,29.06332254,"77,3016","64,4598",D3-B
862148,DİP DİSCO,Gece Kulübü,40.9886315,29.0238861,"77,2891","64,8254",D3-B
883427,KILÇIK,Modern Pub & Bistro,40.990841,29.030612,"77,2448","54,5899",D4-B
965963,BİTTABİ YENİ NESİL MEYHANE,Yeni Nesil Meyhane,40.9657673,29.0671592,"77,1675","77,8354",R2-B
921406,MIO PERLA ,Kokteyl Bar,40.98201735,29.02327683,"77,1526","65,6867",D3-B
966849,THE WALL,Modern Pub & Bistro,40.9881832,29.0235853,"77,1314","64,3014",D3-B
1000017948,SOKAK SUAVİ ,Modern Pub & Bistro,40.989375,29.0299756,"77,1292","65,2514",D3-B
1000028603,PENDOR,Modern Pub & Bistro,40.989333,29.022439,"77,129","77,5962",D2-B
962093,THE PUB,Modern Pub & Bistro,40.9884768,29.028089,"77,0969","65,0671",D3-B
883961,BLUE PUB,Modern Pub & Bistro,40.988599,29.0276076,"77,0953","78,5392",D2-B
920842,ŞARLO CAFE,Modern Pub & Bistro,40.9903291,29.0272102,"77,0819","64,8071",D3-B
701153,AKŞAM,Geleneksel Meyhane,40.9806471,29.024203,"77,0744","63,3265",R3-B
1000022611,REBEL,Modern Pub & Bistro,40.9900566,29.0271532,"77,0601","64,6981",D3-B
966196,İŞ BANKASI EMEKLİLER DERNEĞİ,Askeri Birlik-Sosyal Tesis,40.9808048,29.0391152,"77,0491","79,6933",R2-B
964139,MONTENEGRO BALIK,Balık,40.9601056,29.0835982,"77,0274","65,012",R3-B
716873,SİR WİNSTON,Modern Pub & Bistro,40.9949393,29.1103295,"76,9871","64,7779",D3-B
100000361,THE WALL STREET,Modern Pub & Bistro,40.9632418,29.075727,"76,9315","77,2922",D2-B
967802,BEDRİ USTA EMAAR,Kebap,41.0035588,29.0714606,"76,93","80,0455",R2-B
1000029041,CHİNESE INN RESTURANT ,Modern Pub & Bistro,40.9983628,29.1000744,"76,7157","77,5823",D2-B
805270,WOODSTOCK,Modern Pub & Bistro,40.9900081,29.027922,"76,6178","77,5483",D2-B
969895,AKSİ MODA,Modern Pub & Bistro,40.9855027,29.0264864,"76,5671","65,9693",D3-B
1000025805,ARK BAR  ,Gece Kulübü,40.9672874,29.0671425,"76,5311","64,462",D3-B
715713,THE MUHTAR ,Yeni Nesil Meyhane,40.99184216,29.10522133,"76,4885","65,7521",R3-B
715570,SUNANIN YERİ,Balık,41.07411511,29.05839834,"76,391","56,7124",R4-B
879108,KOLOMBO KEBAP,Kebap,40.9820398,29.0229852,"76,3094","75,8307",R2-B
432462,İŞ BANKASI DERNEĞİ LOKALİ,Askeri Birlik-Sosyal Tesis,41.019395,29.053726,"76,3041","79,9983",R2-B
1000026166,MANGA SUSHI,Uzak Doğu Mutfağı,40.9941478,29.1102,"76,2469","64,4097",D3-B
711409,SİMYACI,Modern Pub & Bistro,40.987835,29.0278014,"76,1494","64,4761",D3-B
961130,OLİO CAFE,Modern Pub & Bistro,40.9739846,29.0814663,"76,1474","66,1549",D3-B
714991,BİTTABİ,Yeni Nesil Meyhane,40.9657417,29.06714771,"76,0726","80,279",R2-B
715154,Happy Moons Buyaka,Modern Pub & Bistro,41.0264173,29.1281315,"76,0486","53,7665",D4-B
432468,SELİMİYE ORDU EVİ,Askeri Birlik-Sosyal Tesis,41.0086561,29.0203144,"76,0127","67,0132",R3-B
944478,AKSİ ACIBADEM,Modern Pub & Bistro,41.0007302,29.0400954,"75,9721","65,1293",D3-B
711400,Pello Ocakbaşı,Kebap,40.9593895,29.072899,"75,8136","64,4071",R3-B
1000011580,FENERBAHÇE DENİZCİLER GAZİNOSU,Askeri Birlik-Sosyal Tesis,40.9677181,29.0320309,"75,6587","94,2054",R1-B
671385,ZÜRİCH CAFE BAR,Modern Pub & Bistro,40.9877314,29.0258039,"75,5949","64,9004",D3-B
1000025348,LUNA LOUNGE,Yeni Nesil Meyhane,40.9796676,29.0445773,"75,5832","53,7906",R4-B
669256,VICTOR COFFEE & PUB,Modern Pub & Bistro,40.976193,29.152312,"75,4632","80,154",D2-B
718339,REBORN COCKTAİL KİTCHEN,Kokteyl Bar,40.9614375,29.0842573,"75,4488","64,5238",D3-B
701033,Markus,Modern Pub & Bistro,41.00247925,29.07082938,"75,386","50,7233",D4-B
1000021147,BURGER PUB,Tekne-Event Hall-Catering,40.9926314,29.1220825,"75,3683","52,2673",D4-B
717743,UZUNMASA,Geleneksel Meyhane,40.9641155,29.0708583,"75,279","64,6601",R3-B
944314,MÜDAVİM OCAKBAŞI,Kebap,40.992591,29.1208583,"74,9186","64,5656",R3-B
951292,FAT BOY BAR GRILL,Gece Kulübü,40.9980422,29.0984391,"74,8532","65,2994",D3-B
718353,SHOT SPORT  ,Modern Pub & Bistro,40.9529371,29.0959161,"74,8263","76,9381",D2-B
839426,LUİZ,Yeni Nesil Meyhane,40.9912565,29.1054932,"74,6792","66,635",R3-B
1000028755,KOZZBEER,Modern Pub & Bistro,40.9759908,29.0963006,"74,6612","52,7281",D4-B
717919,BALIKÇI YILMAZ,Geleneksel Meyhane,40.9781034,29.0784225,"74,6565","64,4998",R3-B
718286,DELLA FAME,Fine Dining (D.Mutf-Şar.Evi),40.9939742,29.1280809,"74,6565","76,5184",D2-B
718885,HEMDEM OCAKBAŞI,Kebap,40.9691735,29.1008672,"74,6565","64,6601",R3-B
943759,RUSTİK CAFE BAR,Modern Pub & Bistro,40.990218,29.030819,"74,5886","53,6469",D4-B
433421,F.B. ORDUEVİ,Askeri Birlik-Sosyal Tesis,40.9714768,29.04441,"74,4906","92,4733",R1-B
964721,CAPRİS CLUB,Gece Kulübü,40.9915052,29.1054394,"74,4528","74,9598",D2-B
1000027412,FUGA ATAŞEHİR,Yeni Nesil Meyhane,40.9943212,29.1227428,"74,3396","65,677",R3-B
717259,Brekkıe Croıssant,Modern Pub & Bistro,40.98622003,29.03313495,"74,102","52,4275",D4-B
718695,X BOX,Gece Kulübü,40.98518286,29.10790052,"74,102","76,4027",D2-B
717564,SNOP BURGER&PUB,Modern Pub & Bistro,40.99378974,29.11082882,"73,853","64,5399",D3-B
700567,MİLYON PERFORMANCE HALL,Gece Kulübü,40.9939723,29.1107022,"73,7378","74,7497",D2-B
1000029621,CAJUN WATERGARDEN  ,Modern Pub & Bistro,40.9979398,29.0997487,"73,6315","63,8618",D3-B
1000022882,TİCKER DAZE ,Modern Pub & Bistro,41.003936,29.0716763,"73,5345","52,1873",D4-B
700321,ALA RESTAURANT,Kebap,41.0052358,29.1323303,"73,2636","74,8256",R2-B
967277,THE GRAY FOX,Modern Pub & Bistro,40.95928168,29.08224081,"72,9751","64,9216",D3-B
714351,SHOT BAR,Modern Pub & Bistro,40.9526736,29.0948548,"71,62","93,3531",D1-B
1000028455,ADANA ÖZASMALI KEBAP,Kebap,40.9536517,29.0949226,"67,9002","91,1908",R1-C
434406,TARANTULA,Modern Pub & Bistro,40.9886954,29.0237761,"67,7134","78,758",D2-C
433215,YER FISTIĞI ,Modern Pub & Bistro,40.9643135,29.0656064,"67,7095","78,0887",D2-C
854573,BELFAST 2,Modern Pub & Bistro,40.9865489,29.0256595,"67,5678","52,389",D4-C
433252,EDA KEBAP,Kebap,40.9681596,29.0953866,"67,5448","65,0198",R3-C
1000018936,MUHABBET ET,Kebap,40.9899651,29.14041,"67,4439","65,4534",R3-C
965941,SIN NIGHT BY FİL,Modern Pub & Bistro,40.9701299,29.0664112,"67,4396","63,1534",D3-C
836597,AYVALIK FENERYOLU BALIKÇISI,Balık,40.9773315,29.0472949,"67,3694","77,9917",R2-C
1000021983,MASAL SAHNE ATAŞEHİR ,Kebap,40.9978085,29.1316974,"67,3628","91,3508",R1-C
708160,VALHALLA ,Modern Pub & Bistro,40.9875225,29.0268742,"67,3483","65,3144",D3-C
924716,DELA SERNA,Modern Pub & Bistro,40.9900059,29.027728,"67,3264","64,3043",D3-C
811235,ASIRLIK BALIK,Balık,40.9893643,29.0242514,"67,3115","77,8728",R2-C
714522,HANGAR,Modern Pub & Bistro,40.9533574,29.0950219,"67,3017","65,4089",D3-C
959774,KAYIP LİMAN BALIKÇISI ,Balık,40.99087589,29.02440946,"67,2816","75,8618",R2-C
434194,LİVANE RESTAURANT ,Geleneksel Meyhane,40.9900709,29.0277517,"67,1495","76,9542",R2-C
958558,LEZZET DİYARI,Kebap,41.007177,29.17847862,"67,1188","64,7195",R3-C
700408,HANİ Bİ MEYHANE,Geleneksel Meyhane,40.9678383,29.066076,"67,0005","63,4605",R3-C
703693,PABLO,Modern Pub & Bistro,40.9896068,29.0261952,"66,944","64,5423",D3-C
848042,İLK VAPUR,Modern Pub & Bistro,40.9885516,29.0236141,"66,9152","65,2391",D3-C
433325,TEACHERS,Modern Pub & Bistro,40.9872453,29.0270336,"66,8877","64,8138",D3-C
433662,ALİBABA BALIK,Balık,40.9902716,29.0248479,"66,8765","64,619",R3-C
1000025433,FİL ACIBADEM,Modern Pub & Bistro,41.0027664,29.0437819,"66,8752","76,7717",D2-C
711210,ZURICH BAR,Modern Pub & Bistro,40.9876948,29.0257494,"66,8182","65,6727",D3-C
898115,WİZARD PUB,Modern Pub & Bistro,40.9876354,29.0265625,"66,7782","64,626",D3-C
434239,KHALKEDON RAKI BALIKEVİ,Balık,40.9894596,29.024534,"66,7458","90,5172",R1-C
875940,ZAHTER CAFE BAR,Modern Pub & Bistro,40.989075,29.028056,"66,7429","64,1317",D3-C
1000010699,PAVLONYA MEYHANESİ,Geleneksel Meyhane,40.9896027,29.0260988,"66,7399","65,2542",R3-C
705334,THE DOORS,Modern Pub & Bistro,40.9880262,29.0270841,"66,7314","65,0202",D3-C
907324,FİL PUB,Modern Pub & Bistro,40.987606,29.025947,"66,7178","63,7613",D3-C
862533,BENUSEN RESTAURANT,Geleneksel Meyhane,40.9895483,29.0224171,"66,7103","91,0489",R1-C
933101,YENİ AKDENİZ,Modern Pub & Bistro,40.9890862,29.0224672,"66,6525","65,1042",D3-C
955709,KARACA BALIK EVİ,Balık,40.9979056,29.0901331,"66,6484","76,3489",R2-C
433239,EVİM OCAKBAŞI,Kebap,40.9531671,29.0951489,"66,648","76,7811",R2-C
954343,GÖZDE KANAT,Kebap,41.0042782,29.0935024,"66,6425","65,5687",R3-C
832622,NEVA MEYHANE,Geleneksel Meyhane,40.9891556,29.0239592,"66,6327","64,6664",R3-C
433336,FLU PUB,Modern Pub & Bistro,40.9860565,29.0264257,"66,6139","62,9557",D3-C
874217,PARK OCAKBAŞI,Kebap,41.008951,29.039358,"66,6112","64,1774",R3-B
896134,SAKLI BAHÇE,Modern Pub & Bistro,40.9887471,29.0240439,"66,608","64,7049",D3-C
885698,PEHLİVAN RESTAURANT,Geleneksel Meyhane,40.994028,29.025573,"66,5461","64,2445",R3-C
434087,ÇİNİLİ CAFE,Modern Pub & Bistro,40.9887916,29.0245441,"66,5239","64,1289",D3-C
1000020289,ASIRLIK KEBAP,Kebap,40.9892449,29.0243389,"66,5172","75,9117",R2-C
1000020551,LE LAMA,Geleneksel Meyhane,40.9943522,29.0253073,"66,4896","64,6771",R3-C
957998,SOKAK BAR,Kokteyl Bar,40.98594466,29.02586263,"66,4778","75,2254",D2-C
834120,1A MEYHANESİ,Geleneksel Meyhane,40.9550992,29.0946941,"66,4744","65,19",R3-C
823840,FAYTON RESTAURANT,Geleneksel Meyhane,40.99242501,29.025612,"66,4714","51,7396",R4-C
904583,OBLOMOV,Modern Pub & Bistro,40.988782,29.025674,"66,4433","64,783",D3-C
885865,BAKKAL,Kokteyl Bar,40.9861504,29.0258813,"66,4146","75,9637",D2-C
434367,BALIKADAMLAR SPOR KLUBU,Geleneksel Meyhane,40.964035,29.067051,"66,4012","76,4813",R2-C
909957,FARİLYA RESTAURANT,Geleneksel Meyhane,41.0211888,29.1189487,"66,3645","64,7873",R3-C
1000020663,SAKIZ MEYHANESİ,Geleneksel Meyhane,40.989434,29.027044,"66,3545","63,579",R3-C
820109,HACİ ALİ ET LOKANTASI,Kebap,40.990963,29.0307636,"66,3458","64,0968",R3-C
701500,FATHER COCKTAIL BAR ,Modern Pub & Bistro,40.9894694,29.0243377,"66,3437","64,6508",D3-C
1000026817,LEYLEK  ,Modern Pub & Bistro,40.9888595,29.0282885,"66,343","63,9675",D3-C
705613,KİMENE OCAKBAŞI,Kebap,40.97283887,29.11917351,"66,3231","64,6767",R3-C
852791,KUZEN SAHNE,Modern Pub & Bistro,40.988888,29.0244319,"66,3176","65,2505",D3-C
719321,Bİ BUSE,Geleneksel Meyhane,40.988888,29.0244319,"62,2175","66,3336",R3-C
884324,E-5,Modern Pub & Bistro,40.9884505,29.0235798,"66,2786","64,7423",D3-C
907981,SCHLEPP,Modern Pub & Bistro,40.9909976,29.0307835,"66,273","63,5388",D3-C
432457,Mülkiyeliler Derneği,Askeri Birlik-Sosyal Tesis,41.0366462,29.0300554,"66,2705","76,1614",R2-C
970393,DİZZY CLUB,Tekne-Event Hall-Catering,40.99021467,29.02791804,"66,2507","65,6591",D3-C
885306,RİZELİLER DERNEĞİ,Askeri Birlik-Sosyal Tesis,40.99360698,29.02567392,"66,238","64,6381",R3-C
703431,KADIKÖY SOKAK DİSKO,Gece Kulübü,40.9874673,29.0259148,"66,2301","62,4801",D3-C
1000026797,RONİ,Modern Pub & Bistro,40.990321,29.027077,"66,2187","63,1922",D3-C
885247,YER,Modern Pub & Bistro,40.981544,29.0227054,"66,2168","56,0926",D4-C
948975,BEDRİ USTA,Kebap,41.0675468,29.0659485,"66,1895","89,2906",R1-C
433403,KORUÇAM RESTAURANT,Geleneksel Meyhane,40.9932289,29.0253753,"66,1783","64,9611",R3-C
1000021577,ATA BALIK,Balık,40.9927373,29.1193166,"66,1488","63,7905",R3-C
711298,YORK 2,Modern Pub & Bistro,40.9880493,29.0284907,"66,1427","63,6963",D3-C
882113,FATOŞUN MUTFAĞI,Geleneksel Meyhane,40.9892186,29.0281051,"66,0857","62,5408",R3-C
938003,AHESTE BALIK,Balık,40.9891554,29.13534,"66,0601","64,993",R3-C
918034,GROUNDY CLUB,Gece Kulübü,40.9896703,29.0277383,"66,0443","76,3591",D2-C
964014,KALE,Geleneksel Meyhane,40.953538,29.0952559,"66,0431","76,7876",R2-C
931698,ÇİVİ BAR,Modern Pub & Bistro,40.987691,29.0269716,"66,0142","64,4675",D3-C
910709,RED TRAİN,Modern Pub & Bistro,40.9826511,29.0505817,"65,9832","64,2915",D3-C
434193,HAMSİ PUB,Balık,40.9895757,29.0246315,"65,9611","90,6264",R1-C
1000013282,LİBERTA CAFE,Modern Pub & Bistro,40.9751884,29.1540919,"65,9366","63,5333",D3-C
892304,BARABAR SOFRA,Yeni Nesil Meyhane,40.95346585,29.09486074,"65,9212","76,4022",R2-C
826279,MERCAN RESTAURANT 2,Balık,40.9905411,29.0251325,"65,9055","63,9713",R3-C
1000029698,KABASAKAL ,Modern Pub & Bistro,40.953292,29.0948727,"65,862","64,4515",D3-C
434262,DİLO CAFE,Geleneksel Birahane,40.9886259,29.023091,"65,8189","64,4774",R3-C
433319,ODA CAFE BAR,Geleneksel Meyhane,40.989519,29.027918,"65,7784","64,6953",R3-C
1000026924,VARDA BALIK,Balık,40.96698,29.0632719,"65,7156","63,767",R3-C
1000021316,ENTROPİ SAHNE ,Modern Pub & Bistro,40.9889882,29.0275975,"65,7075","54,1166",D4-C
826281,MERCAN RESTAURANT 1,Balık,40.99081,29.0245223,"65,6561","92,2867",R1-C
857903,MERCAN KOKOREÇ,Balık,40.99081,29.0245223,"52,3206","67,6512",R3-D
1000020015,MODA KALDIRIM,Modern Pub & Bistro,40.98977408,29.02784681,"65,5882","72,324",D2-C
1000028437,CANCANA,Geleneksel Birahane,40.998218,29.090939,"65,5073","64,2682",R3-C
848794,PUBLIQUE 1,Kokteyl Bar,40.98871,29.0239507,"65,4743","63,4517",D3-C
805209,BENZİN SOCİAL,Kokteyl Bar,40.990082,29.022655,"65,4682","63,8036",D3-C
715150,LUCKY LOUNGE,Modern Pub & Bistro,40.99181103,29.11653657,"65,4563","64,5371",D3-C
710107,ART350,Modern Pub & Bistro,40.9641145,29.0741072,"65,4207","53,0355",D4-C
956368,ZARGANA BALIK,Balık,40.9925617,29.1226334,"65,3862","63,8211",R3-C
716828,KİNG HOUSE,Modern Pub & Bistro,40.9881307,29.0279819,"65,3104","64,057",D3-C
716386,KÖŞE BAŞI RESTORAN ,Kebap,40.9932894,29.0266163,"65,2603","55,6171",R4-C
955758,EGEO,Balık,40.965005,29.066408,"65,2568","74,8821",R2-C
854070,LİBERTA CAFE,Modern Pub & Bistro,40.9879617,29.0238883,"65,1957","64,9374",D3-C
1000019776,İŞTİRAKİ MEYHANESİ,Geleneksel Meyhane,40.9894535,29.0282614,"65,1619","63,214",R3-C
433337,LIMAN KAHVESI,Modern Pub & Bistro,40.9860913,29.0264572,"65,1188","64,5233",D3-C
880965,MOSQUITO,Modern Pub & Bistro,40.987802,29.027034,"65,07","53,2214",D4-C
712378,BADE RESTAURANT,Kebap,40.9932281,29.0253157,"65,0539","63,9166",R3-C
969123,HAYAT RESTORAN,Geleneksel Meyhane,41.00219357,29.09238763,"65,0456","64,0919",R3-C
956690,BEYAZ KÖŞK MEYLİHANE,Yeni Nesil Meyhane,40.9880377,29.0338043,"65,0432","65,168",R3-C
703659,SAHİL GURME,Geleneksel Meyhane,40.97740384,29.14543301,"65,0241","62,7439",R3-C
919008,BLACK HOUSE PUB,Modern Pub & Bistro,40.980155,29.021515,"65,0138","54,4168",D4-C
938489,DOCTOR,Gece Kulübü,40.99119748,29.1054098,"64,9974","90,8764",D1-C
454322,KRİSTAL RESTAURANT,Geleneksel Meyhane,41.02536204,29.03555484,"64,9861","64,9872",R3-C
434228,ZİNCİR,Modern Pub & Bistro,40.987188,29.026985,"64,9833","53,4512",D4-C
872072,6.45 KAYBEDENLER KULUBU,Modern Pub & Bistro,40.9694592,29.0851273,"64,9593","65,3671",D3-C
715624,MİLANO RESTOURANT,Pavyon,40.9784706,29.1344256,"64,9392","64,8425",R3-C
956522,SALPA,Modern Pub & Bistro,40.9890604,29.0274675,"64,9063","53,5311",D4-C
877719,MUAF RESTAURANT,Modern Pub & Bistro,40.981307,29.022601,"64,8387","53,7858",D4-C
932907,MEKAN  RESTAURAN,Geleneksel Birahane,41.0047452,29.0947973,"64,8364","65,0681",R3-C
953406,HAYALPEREST SOFRASI,Modern Pub & Bistro,40.98987198,29.02775796,"64,8216","53,6958",D4-C
1000029288,ÇAVLAN KARMAN ET KEBAP REST.,Yeni Nesil Meyhane,41.0069968,29.1177188,"64,8155","74,8154",R2-C
701636,Çizgi Ali,Geleneksel Meyhane,40.95342369,29.09490623,"64,7407","52,1246",R4-C
718256,ANATOLİA CAFE BAR,Modern Pub & Bistro,40.9538641,29.0939875,"64,7347","75,6272",D2-C
848536,BADE BİRAHANESİ,Geleneksel Birahane,40.9931253,29.0259033,"64,6816","65,4549",R3-C
444009,ŞADIRVAN MEYHANE,Geleneksel Meyhane,41.024382,29.013062,"64,6279","65,1162",R3-C
434118,POSH,Modern Pub & Bistro,40.97620602,29.04132816,"64,6125","87,8699",D0-B
867900,DERYA OCAKBAŞI,Kebap,40.9810075,29.1126571,"64,5675","52,171",R4-C
432633,DENİZ EĞT.VE ÖĞR.KO,Askeri Birlik-Sosyal Tesis,41.0393852,29.0350398,"64,5636","76,343",R2-C
940146,NANE,Modern Pub & Bistro,40.982604,29.03944,"64,5356","52,3199",D4-C
940615,NİSAN BALIK,Balık,40.9904609,29.025077,"64,5213","63,9711",R0-B
852973,DİLARA OCAKBAŞI,Geleneksel Birahane,40.974198,29.113532,"64,5208","64,7498",R3-C
1000020666,RONNIE CAFE,Modern Pub & Bistro,40.98917994,29.02787671,"64,4892","53,7898",D0-B
875648,ÇEŞME RESTAURANT ,Geleneksel Birahane,41.0063557,29.0964016,"64,4668","64,6966",R3-C
1000027077,FACES,Modern Pub & Bistro,40.9886152,29.02366089,"64,4625","52,4773",D4-C
913918,PASSENGER CAFE BİSTRO,Modern Pub & Bistro,40.98711061,29.02605394,"64,4568","52,1774",D4-C
892928,NOAH,Modern Pub & Bistro,40.98803272,29.02510182,"64,3692","51,8012",D2-B
929035,GRANGE CAFE,Modern Pub & Bistro,40.9893966,29.02560338,"64,347","53,3713",D4-C
935572,OTANTİK PUB,Modern Pub & Bistro,40.9884896,29.0279273,"64,3121","51,9659",D4-C
939630,NATUREL PUB,Modern Pub & Bistro,40.9894352,29.0259747,"64,3116","51,2456",D4-C
963683,1001 LOUNGE,Dünya Mutfağı,40.9940623,29.1026588,"64,25","63,2564",D0-B
969800,SARGIN KOKOREÇ,Modern Pub & Bistro,40.99039,29.0252614,"64,2444","52,6983",D4-C
896131,LOZAN KULÜBÜ DERNEĞİ,Askeri Birlik-Sosyal Tesis,40.98015603,29.02319496,"64,2405","45,7589",R5-C
718471,GÖZDE ADANA KEBAPÇISI,Kebap,41.0082898,29.0362655,"64,2384","75,4205",R2-C
719069,TÜRKAN ÇAMLICA,Tekne-Event Hall-Catering,41.018625,29.0600858,"64,2384","75,4205",D2-C
711185,AFC TOSTA,Modern Pub & Bistro,40.96673765,29.06783033,"64,2256","45,5597",D5-C
709642,NOTT,Modern Pub & Bistro,40.99043332,29.14069623,"64,2166","52,1217",D4-B
716860,OCTOBER FEST,Modern Pub & Bistro,40.9815818,29.1324978,"64,2133","75,7099",D2-C
717860,THE CHAPEL,Modern Pub & Bistro,40.9946557,29.0296116,"64,2133","63,9349",D3-C
718001,KANOHA,Fine Dining (D.Mutf-Şar.Evi),40.99857088,29.10021733,"64,1548","63,7238",D3-C
718603,LİBERTA,Modern Pub & Bistro,40.97516342,29.15399395,"64,1548","63,8746",D3-C
718717,THE LAST DROP,Modern Pub & Bistro,40.9891048,29.0239471,"64,1548","63,7238",D3-C
719070,LOXXİ,Modern Pub & Bistro,40.99404255,29.1110139,"64,1548","63,8218",D3-C
952377,ROSEMARY CAFE,Modern Pub & Bistro,40.97585649,29.15383905,"64,1517","54,2723",D4-C
100000602,THE AMBAR GOES,Modern Pub & Bistro,40.9939804,29.1195685,"64,1433","51,4576",D4-C
877151,GALERON,Modern Pub & Bistro,40.978132,29.120624,"64,0977","45,8013",D5-C
1000019205,PABLIQUE 2,Modern Pub & Bistro,40.9897,29.026566,"64,0974","51,5702",D4-C
940338,ESKİ HAL,Modern Pub & Bistro,40.97549173,29.15382665,"64,0818","51,9555",D4-C
946969,TRAİN GAR,Modern Pub & Bistro,40.95332038,29.09508727,"64,0626","51,3077",D4-C
700854,Koşuyolu Balık ,Balık,41.008961,29.036493,"64,0575","51,1587",R4-C
1000029739,OLCAY RESTURANT,Yeni Nesil Meyhane,41.0327217,29.0245849,"63,9857","64,2806",R3-C
700699,SİTE OCAKBAŞI,Kebap,41.0211626,29.1190085,"63,9787","64,4816",R3-C
718384,ESKİCİ BAR,Modern Pub & Bistro,40.989535,29.0275841,"63,8936","63,7238",D3-C
951053,BEYRUT PUB KADIKÖY,Modern Pub & Bistro,40.98757351,29.02526069,"63,7748","46,0139",D5-C
710520,GO BURGER,Modern Pub & Bistro,40.9812133,29.0889067,"63,7688","49,9898",D4-C
960402,FENERBAHÇE GÖNÜLLÜLERİ DERNEĞİ,Askeri Birlik-Sosyal Tesis,40.9869709,29.0351775,"63,7175","45,9804",R5-C
434237,MYKONOS BALIK ,Balık,40.9650693,29.0664413,"63,7008","75,3451",R2-C
1000027524,DENTUR,Tekne-Event Hall-Catering,41.0257488,28.9809989,"63,6505","50,4751",D4-C
879705,BEYAZ KONAK RESTAURANT,Geleneksel Meyhane,40.993296,29.039648,"63,5575","50,2973",R4-C
549739,ÇARKIFELEK BAĞLARBAŞI,Geleneksel Meyhane,41.022934,29.036102,"53,4816","63,9839",R3-D
828655,HIGH FLY,Pavyon,40.97790376,29.14525263,"52,6889","67,1801",R3-D
1000023093,GRANGE SAHNE,Gece Kulübü,40.9883847,29.0281424,"52,5871","63,8764",D3-D
530442,BUDHA BAR,Gece Kulübü,40.986732,29.0265448,"52,5629","53,9596",D4-D
1000016538,TURYOL KADIKÖY,Tekne-Event Hall-Catering,40.991043,29.0193145,"52,5067","63,5416",D3-D
937182,ACIBADEM ESNAFLARI DERNEĞİ,Askeri Birlik-Sosyal Tesis,40.99145321,29.0263441,"52,5039","67,1042",R3-D
705374,DURAK PUB,Geleneksel Birahane,40.9932885,29.0254687,"52,1445","66,8167",R3-D
836248,SICAK CAFE BAR,Askeri Birlik-Sosyal Tesis,40.989086,29.022629,"52,1298","44,7248",R5-D
603639,CİVAR OCAKBAŞI,Yeni Nesil Meyhane,41.014199,29.191148,"51,8487","65,1851",R3-D
432273,KENT RESTORAN ,Geleneksel Meyhane,41.0241886,29.107248,"51,6592","65,4687",R3-D
703730,BARABUT,Modern Pub & Bistro,40.9806858,29.0237191,"51,4863","44,5352",D5-D
862149,ÇARKIFELEK UNCULAR,Geleneksel Birahane,41.02495513,29.01357633,"51,3774","65,1361",R3-D
810415,SİTE BİRAHANESİ,Geleneksel Meyhane,40.980592,29.1122195,"51,3593","50,7769",R4-D
938605,YENİYOL OCAKBAŞI,Geleneksel Birahane,40.973517,29.114796,"51,3334","65,468",R3-D
715133,DENİZ RESTORAN ,Kebap,40.9932197,29.0262793,"51,1137","52,9905",R4-D
436772,ÇALI RESTAURANT,Geleneksel Birahane,40.97474298,29.11325688,"51,0896","65,6164",R3-D
432852,HAN BAR RESTAURANT,Kebap,41.00492,29.094756,"50,775","46,1933",R5-D
658058,ÇAYIR RESTAURANT,Askeri Birlik-Sosyal Tesis,40.99446914,29.02545614,"50,775","46,4557",R5-D
704855,LVM DENİZCİLİK ,Tekne-Event Hall-Catering,41.0155894,28.9774547,"50,775","44,4186",D5-D
1000016335,EREN RESTAURANT,Kebap,41.00188222,29.09190313,"50,775","50,1198",R4-D
952379,ÇUKUR BAR,Askeri Birlik-Sosyal Tesis,40.97875401,29.11365216,"50,6395","46,3828",R5-D
1000022479,PİVO BAR,Modern Pub & Bistro,40.9909164,29.0306138,"50,5488","49,3973",D4-D
1000018705,KİRVEM ATAŞEHİR SAHNE,Geleneksel Meyhane,40.97849783,29.13468841,"50,2887","54,9626",R4-D
943913,LA CHİTARRA,Askeri Birlik-Sosyal Tesis,41.0005912,29.1823558,"50,1944","44,906",R5-D
970370,ASMALI CUMBA,Yeni Nesil Meyhane,40.9797776,29.0445153,"49,8798","47,2264",R5-D
711482,LA PLAGE ,Modern Pub & Bistro,40.957369,29.0806522,"90,9573","63,7262",D3-A
702578,ARABECKS CAFE,Geleneksel Meyhane,40.99065678,29.0307441,"64,116","61,8642",R3-C
709553,COOKSHOP METROPOL,Modern Pub & Bistro,40.9939439,29.1209969,"80,3441","78,1165",D2-B
438688,İNCİR PUB,Modern Pub & Bistro,40.9865361,29.0265045,"65,5602","63,1007",D3-C
941916,BOA KADIKÖY ,Gece Kulübü,40.98986,29.026167,"70,101","67,235",D3-B
702615,Happy Moons Bulvar216,Modern Pub & Bistro,41.0142954,29.056328,"80,3504","88,0384",D2-B
719629,RİSEN FALL,Gece Kulübü,41.1130628,29.0211062,"91,0792","62,9006",D3-A
703093,KASEROL SOCAIL,Modern Pub & Bistro,40.9955444,29.029013,"64,744","50,5346",D4-C
433370,DALLAS BIRAHANESI,"Dg.Tra(Pav,Birah, A.Bir,Sos.T)",40.9955444,29.029013,,,R0-B
702959,MACCA RESTAURANT,Balık,40.9676974,29.1020546,"66,8456","63,1942",R3-C
701597,NUM NUM CAPITOL,Modern Pub & Bistro,41.02069995,29.03866835,"71,7806","86,8284",D1-B
701112,BABANIN YERİ,Geleneksel Birahane,41.0018138,29.0992663,"67,1434","61,7228",R3-C
1000013764,ECHOES,Modern Pub & Bistro,40.98666376,29.026713,"79,6505","62,457",D3-B
962777,KEÇİ BOSTANCI,Yeni Nesil Meyhane,40.95352937,29.09469824,"67,1815","49,6438",R4-C
1000020804,PIGALLE SUADIYE,Kokteyl Bar,40.957578,29.0810371,"92,5596","78,4797",D2-A
703024,ENDOFF,Gece Kulübü,40.9982366,29.1005474,"89,5993","75,0305",D2-A
712604,MUAMMA PLUS ,Yeni Nesil Meyhane,40.99834593,29.10065252,"77,8913","79,351",R2-B
930971,EMONUN YERİ ,Kebap,41.0646859,28.9791903,"67,1815","61,7238",R3-C
806792,BRİSTOL CAFE,Modern Pub & Bistro,40.98820494,29.0235466,"66,9576","53,6629",D4-C
939336,BRİSTOL CAFE 2,Modern Pub & Bistro,40.98818,29.0235717,"64,744","50,9608",D4-C
712807,ÖRDEK,Modern Pub & Bistro,40.989374,29.025604,"64,46","51,8226",D4-C
931697,YAKIN BAR,Modern Pub & Bistro,40.988797,29.027536,"72,5352","52,116",D4-B
944307,Dream-GÜNAYDIN ÜRETİM VE ,Balık,41.037144,29.115447,"93,514","87,426",R1-A
705266,THE BLACK BULL,Modern Pub & Bistro,40.9882302,29.0236757,"66,8491","61,8643",D3-C
711444,DİVAN PUB CADDEBOSTAN ,Modern Pub & Bistro,40.9645701,29.0657282,"93,5137","61,8369",D3-A
896727,TCDD KIZILTOPRAK,Geleneksel Meyhane,40.98453213,29.04210763,"66,6879","64,8421",R3-C
719597,ALAÇATI KAFASI,Yeni Nesil Meyhane,40.9566276,29.0804938,"91,0793","72,3766",R2-A
713289,BUSELİK WATERGARDEN,Geleneksel Meyhane,40.9978371,29.0999816,"77,8914","72,737",R2-B
713026,ALAÇATI BALIKÇISI,Geleneksel Meyhane,40.9908866,29.1163473,"77,8334","61,9476",R3-B
908224,BUMPS,Modern Pub & Bistro,40.988956,29.028095,63794,61726,D3-C
713742,KMK SANAT,Modern Pub & Bistro,40.9679028,29.0792387,"67,4418","61,4936",D3-C
719345,YAPI KREDİ EMEKLİLER LOKALİ,Askeri Birlik-Sosyal Tesis,40.9896436,29.0223773,"67,3739","61,5896",R3-C
712029,YILDIZ BAR,Geleneksel Birahane,40.9932789,29.0257972,"55,9625","49,9658",R4-D
713062,AYI ŞAŞKINBAKKAL,Modern Pub & Bistro,40.9612325,29.0749202,"76,7603","62,2302",D3-B
711478,BOOZ,Modern Pub & Bistro,40.9755219,29.1539956,"63,8068","49,857",D4-C
719320,MASHA PLUS,Modern Pub & Bistro,41.00061112,29.03737452,"76,4315","62,2715",D3-B
712527,RISTORANTE UMBERTO,Fine Dining (D.Mutf-Şar.Evi),40.9680594,29.0573624,"93,5135","73,4422",D2-A
1000022658,FİL GARDEN,Kokteyl Bar,40.9900329,29.02247172,"64,1159","73,4206",D2-C
433331,ARKA ODA,Modern Pub & Bistro,40.986593,29.02653,"79,815","67,483",D3-B
719718,KAHVERENGİ,Modern Pub & Bistro,40.219466,28.97239,"63,7162","67,1324",D3-C
712601,Burger pub ,Askeri Birlik-Sosyal Tesis,40.99267905,29.12195597,,,R4-C
712694,DERYA OCAKBAŞI -PALA REST ,Geleneksel Birahane,40.981113,29.11272548,"66,2736","57,7533",R4-C
720621,KİRPİ SUADİYE ,Modern Pub & Bistro,40.9599512,29.080903,"62,517","62,9048",D3-C
719763,GIZIA SUADİYE,Modern Pub & Bistro,40.9559838,29.0890465,"91,0791","62,9005",D3-A
720623,KİRPİ KOŞUYOLU ,Modern Pub & Bistro,41.031778,28.9794076,"77,7399","61,65",D3-B
720579,DİECİ,Fine Dining (D.Mutf-Şar.Evi),40.9840138,29.0332884,"75,8272","61,6498",D3-B
903099,DOROCK XL,Gece Kulübü,40.98903793,29.02402074,77740,80075,D2-B
720613,MEZE KEBAP,Kebap,40.9382078,29.1131741,"73,9189","75,7995",R2-B
702837,PATRİÇA,Balık,40.9761376,29.0412985,"72,9646","75,7993",R2-B
704120,SACA ATASEHİR,Kebap,40.9938954,29.1027741,"63,7166","66,334",R3-C
704129,Nisan Balık Restaurant ,Geleneksel Meyhane,40.99041307,29.02528882,"63,7169","63,7072",R3-C
710528,TİKE SUADİYE,Kebap,40.9569915,29.0803291,"75,8285","62,4568",R3-B
720637,FAYTON RESTAURANT ,Geleneksel Meyhane,40.9923241,29.0255717,"75,8283","51,2851",R4-B
959773,HAVELKA CADDEBOSTAN,Kokteyl Bar,40.96465639,29.06574055,"79,6504","62,4569",D3-B
713100,ÂLÂ RESTAURANT ,Geleneksel Birahane,41.00511775,29.13207125,"79,0784","61,3994",R3-B
710887,EPOPEE ,Kokteyl Bar,40.9893866,29.14076362,"88,3588","49,2613",D4-A
864307,BEERS,Modern Pub & Bistro,40.9526329,29.0946941,,,D4-C
434096,DILA HOTEL,"Diger (Apart, Pansiyon)",40.9919634,29.0261237,,,H2
703552,BADE 76,Gece Kulübü & Etkinlik,40.9903321,29.027579,,,D5-D
918039,HUXO,Pub & Bistro & Kokteyl Bar,40.9656369,28.7973823,,,D0-B
920209,DEDEMAN PARK OTEL,Business,40.9625637,29.1102762,,,H2
932556,GREEN PARK OTEL- KE,"Diger (Apart, Pansiyon)",40.966655,29.1099775,,,H2
926104,BAHÇE OCAKBAŞI,Kebap,40.972678,29.119064,,,R0-B
931269,Abalı Meyhane,Geleneksel Meyhane,40.991423,29.1174033,,,R0-B
946908,ŞAŞKIN ET,Kebap,40.99716617,29.14368488,,,R0-B
962500,Olia Restaurant ,Modern Pub & Bistro,40.9900701,29.14270216,,,D0-B
965830,MUAMMA,Yeni Nesil Meyhane,40.99807551,29.10066329,,,R0-B
932118,DOUBLE TREE HİLTON ,Business,40.988302,29.021304,,,H0
960262,BİG CHEF FENERBAHÇE,Balık,40.97041648,29.03847066,,,R0-B
970266,NUMNUM WATERGARDEN,Modern Pub & Bistro,40.99884359,29.09985005,,,D0-B
1000022167,A11EXCULISIVE HOTEL,Business,40.97239599,29.05873906,,,H2
963786,NUMNUM WATERGARDEN,Dünya Mutfağı,41.0080004,29.1980764,,,D0-B
928717,TİKE KOŞUYOLU,Kebap,41.0095489,29.0412348,,,R0-B
947125,ROSARIO,Dünya Mutfağı,41.010786,29.04041592,,,D0-B
440302,KADI NİMET BALIKÇIL,Balık,40.99016379,29.02494168,,,R0-B
700766,PABLO,Modern Pub & Bistro,40.98959134,29.02615316,,,D0-B
804463,HEM DEM RESTAURANT-,Askeri Birlik-Sosyal Tesis,40.989365,29.027014,,,R0-B
882906,SONGEMİ,Askeri Birlik-Sosyal Tesis,40.9886152,29.02366089,,,R0-B
1000011544,FELEK OCAKBAŞI,Kebap,40.9594251,29.0729625,,,R0-B
1000025657,NO 460 SUADİYE,Fine Dining (D.Mutf-Şar.Evi),40.95721584,29.086678,,,D0-B
955401,DAİLY DANA BURGER S,Modern Pub & Bistro,40.96797063,29.06393562,,,D0-B
966448,TÜRKAN MEYHANE,Geleneksel Meyhane,40.987426,29.034138,,,R0-B
1000029556,FAHRIKONSOLOS ,Modern Pub & Bistro,40.98539311,29.02625868,,,D0-B
866362,Bordo Şarap Evi,Tekne-Event Hall-Catering,40.987738,29.02592,,,D0-B
908389,PASHA OTEL,Modern Pub & Bistro,40.985049,29.027551,,,D0-B
965942,KASABA,Modern Pub & Bistro,40.98719086,29.02555671,,,D0-B
1000011884,WAGA MUNDA,Modern Pub & Bistro,40.99742736,29.09941837,,,D0-B
1000023437,RİTİM SUARE,Yeni Nesil Meyhane,40.99807621,29.10546449,,,R0-B
1000026666,HOPDADDY BURGER,Modern Pub & Bistro,40.9925078,29.1251466,,,D0-B
701051,Wolls burger,Modern Pub & Bistro,40.9942536,29.12041336,,,D0-B
896146,SİTE OCAKBAŞI,Kebap,41.02116399,29.11902804,,,R0-B
910585,ATA BALIK,Balık,41.0093811,29.2124784,,,R0-B
1000016372,TGI FRIDAYS SUADIYE,Modern Pub & Bistro,40.96758463,29.06516334,,,D0-B
884516,SHISA - ÇARŞI,Geleneksel Meyhane,40.9891951,29.0237225,,,R0-B
962092,CANTİNA,Modern Pub & Bistro,40.9885852,29.0274205,,,D0-B
100000032,KEYİİFLİ Bİ CAFE,Modern Pub & Bistro,40.9883955,29.0230658,,,D0-B
1000010276,KİRPİ,Modern Pub & Bistro,40.9894652,29.0548299,,,D0-B
1000011252,CRAFT CADDE,Modern Pub & Bistro,40.96842121,29.06538231,,,D0-B
1000012040,MAKU CADDE,Modern Pub & Bistro,40.96732222,29.06669677,,,D0-B
1000020941,NEIGHBOR 448,Modern Pub & Bistro,40.95814328,29.08480997,,,D0-B
1000022821,BADEHAR ET-MEZE YENİ NESİL MEY,Geleneksel Meyhane,40.95996497,29.09458929,,,R0-B
433228,DÖRTLER ET LOKANTAS,Kebap,40.9318448,29.1284002,,,R0-B
870906,MİLTAŞ CAFE,Askeri Birlik-Sosyal Tesis,40.9874909,29.0846282,,,R0-B
966123,8MM COCKTAIL BAR,Modern Pub & Bistro,40.9897556,29.0284468,,,D0-B
440300,Saca Moda,Geleneksel Meyhane,40.986301,29.025351,,,R0-B
869983,TRC AMERICAN DINNER,Modern Pub & Bistro,40.9853682,29.0265065,,,D0-B
702891,An-ı Dem,Kebap,40.97351728,29.10421249,,,R0-B
944800,OSMANİ RESTORAN,Dünya Mutfağı,40.9330094,29.1245105,,,D0-B
960453,COOK SHOP,Modern Pub & Bistro,40.969227,29.064436,,,D0-B
719933,SAFIR BALIK,Balik,40.9907408,29.11721751,74231,59816,R4-B
719972,PAPALINA BALIK ,Balik,40.952601,29.0968296,75887,71145,R2-B
719973,GOU SUADIYE,Pub & Bistro & Kokteyl Bar,40.9603788,29.0801808,86015,68815,D3-A
720057,TREN KADIKÖY,Gece Kulübü & Etkinlik,40.9897214,29.0284213,80960,91790,D1-B
720111,Kuzen Bar&Kitchen,Pub & Bistro & Kokteyl Bar,40.9889039,29.0243905,64023,65145,D3-C
720691,VESTA BALIK ET MANGAL,Yeni Nesil Meyhane,40.9402163,29.1119331,71682,63763,R3-B
721049,MYKONOS,Geleneksel Meyhane,40.9651252,29.0662948,74327,64413,R3-B
721308,YAKO OCAKBASI,Geleneksel Meyhane,40.9732494,29.0408201,87173,68225,R3-A
721321,YAPI KREDI EMEKLILERI LOKALI,"Dg.Tra(Pav,A.Bir,Sos.T)",40.9896014,29.0221507,65604,63417,R3-C
721594,AFFAN OCAKBASI,Geleneksel Meyhane,40.9762072,29.0473106,73457,66813,R3-B
721462,Brekkie ,"Dg.Mdrn(Tekne,S.Ev,S.house,Ct)",40.9862613,29.0330623,73335,64179,D3-B
722158,SENOL KOLCUOGLU ,Kebap,40.9408024,29.1112431,,,R2-B
722403,OCAKBASI ,Kebap,41.0020371,29.1548037,,,R3-B
722518,RED GARDEN,Fine Dining (D.Mutf-Sar.Evi),40.96593512,29.06631254,,,D3-B
